"","Person","Test1","Test2","FINAL"
"1","P1",77,50,74
"2","P2",88,63,71
"3","P3",0,93,92
"4","P4",0,100,83
"5","P5",90,77,71
"6","P6",73,83,83
"7","P7",86,97,75
"8","P8",88,70,79
"9","P9",85,70,79
"10","P10",88,90,63
"11","P11",89,70,67
"12","P12",94,87,71
"13","P13",87,80,75
"14","P14",94,87,75
"15","P15",95,90,92
"16","P16",75,83,71
"17","P17",83,77,67
"18","P18",87,67,74
"19","P19",77,83,100
"20","P20",73,77,54
"21","P21",94,80,79
"22","P22",99,93,100
"23","P23",92,63,71
"24","P24",100,90,96
"25","P25",88,87,96
"26","P26",91,90,88
"27","P27",87,93,71
"28","P28",90,87,88
"29","P29",95,57,50
"30","P30",88,73,58
"31","P31",89,83,67
"32","P32",95,77,50
"33","P33",77,77,71
"34","P34",95,90,92
"35","P35",80,83,50
"36","P36",79,50,54
"37","P37",91,80,92
"38","P38",83,73,58
"39","P39",100,77,71
"40","P40",97,63,67
"41","P41",83,90,58
"42","P42",93,90,71
"43","P43",92,77,75
"44","P44",94,83,42
"45","P45",92,87,71
"46","P46",0,93,67
"47","P47",86,90,88
"48","P48",63,93,42
"49","P49",100,83,58
"50","P50",0,80,71
"51","P51",82,83,58
"52","P52",90,70,50
"53","P53",100,70,58
"54","P54",91,100,88
